-- phpMyAdmin SQL Dump
-- version 5.0.2
-- https://www.phpmyadmin.net/
--
-- Host: 127.0.0.1
-- Generation Time: May 16, 2022 at 05:37 AM
-- Server version: 10.4.14-MariaDB
-- PHP Version: 7.4.9

SET SQL_MODE = "NO_AUTO_VALUE_ON_ZERO";
START TRANSACTION;
SET time_zone = "+00:00";


/*!40101 SET @OLD_CHARACTER_SET_CLIENT=@@CHARACTER_SET_CLIENT */;
/*!40101 SET @OLD_CHARACTER_SET_RESULTS=@@CHARACTER_SET_RESULTS */;
/*!40101 SET @OLD_COLLATION_CONNECTION=@@COLLATION_CONNECTION */;
/*!40101 SET NAMES utf8mb4 */;

--
-- Database: `bus_reservation`
--

-- --------------------------------------------------------

--
-- Table structure for table `obrs_sample`
--
CREATE TABLE `obrs_sample` (
  `id` int(10) NOT NULL,
  `course` varchar(100) NOT NULL,
   `dept` varchar(100) NOT NULL,
  `availability` varchar(100) NOT NULL,
  `deleted_course` tinyint(1) NOT NULL DEFAULT 0
) ENGINE=InnoDB DEFAULT CHARSET=utf8mb4;

--
-- Dumping data for table `obrs_sample`
--

INSERT INTO `obrs_sample` (`id`, `course`, `dept`, `availability`, `deleted_course`) VALUES
(1, 'BSIT', 'CSD', 'Available', 0),
(2, 'BSCS', 'CSD', 'not available', 0),
(3, 'BSIS', 'CSD', 'Available', 0),
(4, 'BSEMC', 'CSD', 'not Available', 0),
(5, 'BSIT', 'CSD', 'Available', 0),
(6, 'BSCS', 'CSD', 'not available', 0),
(7, 'BSIS', 'CSD', 'Available', 0),
(8, 'BSIT', 'CSD', 'Available', 0),
(9, 'BSCS', 'CSD', 'not available', 0),
(10, 'BSIS', 'CSD', 'Available', 0),
(11, 'BSEMC', 'CSD', 'not Available', 0);


-- --------------------------------------------------------

--
-- Table structure for table `obrs_bus`
--

CREATE TABLE `obrs_bus` (
  `id` int(10) NOT NULL,
  `busName` varchar(100) NOT NULL,
  `maxSeats` int(10) NOT NULL DEFAULT 30,
  `plateNo` varchar(100) NOT NULL,
  `deleted_bus` tinyint(1) NOT NULL DEFAULT 0
) ENGINE=InnoDB DEFAULT CHARSET=utf8mb4;

--
-- Dumping data for table `obrs_bus`
--

INSERT INTO `obrs_bus` (`id`, `busName`, `maxSeats`, `plateNo`, `deleted_bus`) VALUES
(1, 'First North Luzon 47000', 45, 'ADVHJ', 0),
(2, 'First North Luzon 6555', 45, 'JFKDSK', 0),
(3, 'First North Luzon 6523', 45, 'HU5264', 0),
(4, 'First North Luzon 99007', 45, '12fhgh', 0),
(5, 'First North Luzon 65895', 45, 'OP584', 0),
(6, 'First North Luzon 65562', 45, '45EJIT5', 0),
(7, 'First North Luzon 5200', 45, 'K0JHG2', 1),
(8, 'First North Luzon 9000', 45, '10023', 0),
(9, 'First North Luzon 10023', 45, 'A23J45', 0),
(10, 'First North Luzon 10224', 45, 'B2C34', 0),
(11, 'First North Luzon 20103', 45, '2A031', 0),
(12, 'First North Luzon 2300', 45, '22AD3', 0),
(13, 'First North Luzon 30120', 45, '0C32D', 0),
(14, 'First North Luzon 43020', 45, '4AD5C', 0),
(15, 'First North Luzon 50032', 45, '5SAD2', 0),
(16, 'First North Luzon 62100', 45, '6AD52', 0),
(17, 'First North Luzon 7200', 45, '1AE70', 0),
(18, 'First North Luzon 82031', 45, '54AE2', 0),
(19, 'First North Luzon 70023', 45, '7AERF', 0),
(20, 'First North Luzon 90023', 45, '4EARF5', 0),
(21, 'FNLT 001', 45, '12fhg', 0),
(22, 'FNLT 002', 45, '12fh', 0),
(23, 'FNLT', 45, 'OP580', 0),
(24, 'FNLT001', 45, 'OP5840', 0),
(25, 'Sample', 45, 'OP5841', 0);

-- --------------------------------------------------------

--
-- Table structure for table `obrs_parent_route`
--

CREATE TABLE `obrs_parent_route` (
  `id` varchar(100) NOT NULL,
  `from_primary` varchar(100) NOT NULL,
  `to_primary` varchar(100) NOT NULL,
  `date_added` datetime NOT NULL DEFAULT current_timestamp(),
  `total_distance` int(10) NOT NULL,
  `deleted` tinyint(1) NOT NULL DEFAULT 0
) ENGINE=InnoDB DEFAULT CHARSET=utf8mb4;

--
-- Dumping data for table `obrs_parent_route`
--

INSERT INTO `obrs_parent_route` (`id`, `from_primary`, `to_primary`, `date_added`, `total_distance`, `deleted`) VALUES
('6220719358a4a', 'Monumento', 'San Jose', '2022-03-03 16:43:15', 165, 1),
('6220a4da501e8', 'Meycauyan', 'Caloocan', '2022-03-03 20:22:02', 30, 1),
('6220aac248196', 'Meycauyan', 'Talugtog', '2022-03-03 20:47:14', 150, 1),
('6220aae9df791', 'Meycauyan', 'Guimba', '2022-03-03 20:47:53', 140, 1),
('6220aaed33bcd', 'Caloocan', 'Batangas', '2022-03-03 20:47:57', 106, 1),
('6220b47650c3a', 'Meycauyan', 'Batangas', '2022-03-03 21:28:38', 106, 1),
('6220b6865be03', 'Monumento', 'Tarlac', '2022-03-03 21:37:26', 126, 1),
('6226f12e014b0', 'Caloocan', 'Batangas', '2022-03-08 15:01:18', 106, 1),
('6228b4df68049', 'Monumento', 'Laguna', '2022-03-09 23:08:31', 13, 1),
('6229238d82051', 'Dau', 'Meycauyan', '2022-03-10 07:00:45', 68, 1),
('622923a6cab6e', 'Tarlac', 'Meycauyan', '2022-03-10 07:01:10', 104, 1),
('62292434c785a', 'Monumento', 'San Isidro', '2022-03-10 07:03:32', 101, 0),
('623ac48659058', 'Monumento', 'Talugtog', '2022-03-23 15:56:06', 164, 1),
('623ac4ac81e33', 'Monumento', 'Guimba', '2022-03-23 15:56:44', 77, 1),
('623ac4fe5ddfa', 'Monumento', 'San Jose', '2022-03-23 15:58:06', 179, 1),
('623ac54bb14f6', 'Monumento', 'Cabanatuan', '2022-03-23 15:59:23', 109, 1),
('623ac5dcba37a', 'Monumento', 'Meycauyan', '2022-03-23 16:01:48', 14, 1),
('623ad412562db', 'Monumento', 'Macabebe', '2022-03-23 17:02:26', 135, 0),
('623ad4af023b6', 'Monumento', 'Dagupan', '2022-03-23 17:05:03', 206, 0),
('623b64b5dba92', 'Monumento', 'Bulacan', '2022-03-24 03:19:33', 50, 1),
('624e2883d3132', 'Monumento', 'San Jose', '2022-04-07 08:55:47', 165, 1),
('624e2a70695a1', 'Laguna', 'Talugtog', '2022-04-07 09:04:00', 150, 1),
('624e2adf1117e', 'Monumento', 'Talugtog', '2022-04-07 09:05:51', 150, 1),
('624e2d8f3c6e6', 'Cavite', 'Bulacan', '2022-04-07 09:17:19', 2, 1),
('624e2ed3ba7a3', 'Monumento', 'San Jose', '2022-04-07 09:22:43', 165, 0),
('62608e9979afc', 'Monumento', 'Batangas', '2022-04-21 07:52:09', 106, 1);

-- --------------------------------------------------------

--
-- Table structure for table `obrs_passengers`
--

CREATE TABLE `obrs_passengers` (
  `id` int(11) NOT NULL,
  `name` varchar(100) NOT NULL,
  `age` int(10) NOT NULL,
  `reservation_id` varchar(100) NOT NULL
) ENGINE=InnoDB DEFAULT CHARSET=utf8mb4;

--
-- Dumping data for table `obrs_passengers`
--

INSERT INTO `obrs_passengers` (`id`, `name`, `age`, `reservation_id`) VALUES
(32, 'Jomar', 20, '623b47528ea96'),
(33, 'Veron', 22, '623b65856c4a4'),
(34, 'Crisbel', 20, '623ba0af88714'),
(35, 'Amelia', 49, '623ba0f74b6cb'),
(36, 'Jaime', 60, '623ba0f74b6cb'),
(37, 'Hello', 23, '6244346c7865e'),
(38, 'Mika', 45, '6244346c7865e'),
(39, 'Kael', 23, '6244348cb14cd'),
(40, 'Missy', 56, '6244348cb14cd'),
(41, 'John', 44, '624434ae6e1e5'),
(42, 'Four', 23, '624434cf714e9'),
(43, 'Twenny', 45, '624434cf714e9'),
(44, 'Five', 32, '624434cf714e9'),
(45, 'One', 45, '624434cf714e9'),
(46, 'Haley', 34, '624436399c72e'),
(47, 'Jomar', 64, '6244e78963668'),
(48, 'Haley', 52, '6244e78963668'),
(51, 'Crisbel', 20, '624e31aa7bd3b'),
(52, 'Galvy', 20, '624e31e3418a3'),
(53, 'Ella', 20, '624e39a5010e7'),
(54, 'Jomar', 51, '624e78f0e492e'),
(55, 'Mill', 24, '624e78f0e492e'),
(56, 'Crisbel', 20, '624f05372ff0b'),
(57, 'Conan', 12, '624f05372ff0b'),
(58, 'Galvy', 20, '624f07f507688'),
(59, 'Sample', 60, '6250719f0f659'),
(60, 'FNLT', 18, '625073b0c3f5a'),
(61, 'Galvan', 22, '6250768306652'),
(62, 'Crisbel', 20, '625fe9d55b4a0'),
(63, 'Galvy', 20, '625fea6e4e794'),
(64, 'Leila', 21, '625fea6e4e794'),
(65, 'Crisbel', 20, '627c5348249de'),
(66, 'Bel', 20, '627f748c33b82');

-- --------------------------------------------------------

--
-- Table structure for table `obrs_reservations`
--

CREATE TABLE `obrs_reservations` (
  `id` varchar(100) NOT NULL,
  `totalPrice` int(10) NOT NULL,
  `schedule_id` int(10) NOT NULL,
  `reservedSeats` int(10) NOT NULL DEFAULT 0,
  `user_id` int(10) NOT NULL,
  `is_paid` tinyint(1) NOT NULL DEFAULT 0,
  `dateReserved` datetime NOT NULL DEFAULT current_timestamp(),
  `datePaid` datetime DEFAULT NULL,
  `distance_between` int(10) NOT NULL,
  `basePrice` int(10) NOT NULL,
  `from_subroute` varchar(100) NOT NULL,
  `to_subroute` varchar(100) NOT NULL,
  `reserved_seats` varchar(255) NOT NULL,
  `is_deleted` int(11) NOT NULL
) ENGINE=InnoDB DEFAULT CHARSET=utf8mb4;

--
-- Dumping data for table `obrs_reservations`
--

INSERT INTO `obrs_reservations` (`id`, `totalPrice`, `schedule_id`, `reservedSeats`, `user_id`, `is_paid`, `dateReserved`, `datePaid`, `distance_between`, `basePrice`, `from_subroute`, `to_subroute`, `reserved_seats`, `is_deleted`) VALUES
('623b47528ea96', 167, 53, 1, 13, 0, '2022-03-24 01:14:10', '2022-03-24 01:14:10', 76, 167, 'Monumento', 'Arayat', '', 1),
('623b65856c4a4', 110, 53, 1, 1, 1, '2022-03-24 03:23:01', '2022-03-24 03:23:01', 50, 110, 'Monumento', 'San Simon', '22,26', 1),
('623ba0af88714', 157, 56, 1, 9, 1, '2022-03-24 07:35:27', '2022-03-24 07:42:05', 82, 180, 'Monumento', 'Dau', '1', 1),
('623ba0f74b6cb', 140, 60, 2, 9, 0, '2022-03-24 07:36:39', '2022-03-24 07:36:39', 32, 70, 'Monumento', 'Tabang', '1,2', 1),
('6244346c7865e', 176, 76, 2, 13, 1, '2022-03-30 19:43:56', '2022-03-30 19:45:53', 50, 110, 'Monumento', 'San Simon', '9,10', 1),
('6244348cb14cd', 346, 96, 2, 13, 1, '2022-03-30 19:44:28', '2022-03-30 19:46:49', 98, 216, 'Monumento', 'San Tiago', '21,23', 1),
('624434ae6e1e5', 31, 102, 1, 13, 0, '2022-03-30 19:45:02', '2022-03-30 19:45:02', 14, 31, 'Monumento', 'Meycauyan', '22', 1),
('624434cf714e9', 88, 106, 4, 13, 0, '2022-03-30 19:45:35', '2022-03-30 19:45:35', 10, 22, 'Monumento', 'Giginto', '25,26,29,30', 1),
('624436399c72e', 31, 98, 1, 13, 0, '2022-03-30 19:51:37', '2022-03-30 19:51:37', 14, 31, 'Monumento', 'Meycauyan', '17', 1),
('6244e78963668', 194, 87, 2, 13, 0, '2022-03-31 08:28:09', '2022-03-31 08:28:09', 44, 97, 'Monumento', 'Macabebe', '21,22', 1),
('624e31aa7bd3b', 110, 156, 1, 9, 0, '2022-04-07 09:34:50', '2022-04-07 09:34:50', 50, 110, 'Monumento', 'San Simon', '1', 1),
('624e31e3418a3', 385, 158, 1, 9, 0, '2022-04-07 09:35:47', '2022-04-07 09:35:47', 175, 385, 'Monumento', 'Ordaneta', '1', 1),
('624e39a5010e7', 308, 155, 1, 1, 1, '2022-04-07 10:08:53', '2022-04-07 10:08:53', 140, 308, 'Monumento', 'Guimba', '5', 0),
('624e78f0e492e', 220, 159, 2, 13, 0, '2022-04-07 14:38:56', '2022-04-07 14:38:56', 50, 110, 'Monumento', 'Bulacan', '21,22', 1),
('624f05372ff0b', 56, 160, 2, 9, 1, '2022-04-08 00:37:27', '2022-04-08 00:40:22', 14, 31, 'Monumento', 'Meycauyan', '9,10', 0),
('624f07f507688', 308, 155, 1, 1, 1, '2022-04-08 00:49:09', '2022-04-08 00:49:09', 140, 308, 'Monumento', 'Guimba', '6', 0),
('6250719f0f659', 363, 155, 1, 11, 1, '2022-04-09 02:32:15', '2022-04-09 02:32:15', 165, 363, 'Monumento', 'San Jose', '18', 0),
('625073b0c3f5a', 99, 159, 1, 11, 1, '2022-04-09 02:41:04', '2022-04-09 02:41:04', 45, 99, 'Monumento', 'Giginto', '25', 0),
('6250768306652', 110, 159, 1, 11, 1, '2022-04-09 02:53:07', '2022-04-09 02:53:07', 50, 110, 'Monumento', 'Bulacan', '18', 0),
('625fe9d55b4a0', 207, 208, 1, 1, 1, '2022-04-20 20:09:09', '2022-04-20 20:09:09', 94, 207, 'Monumento', 'Cabiao', '1', 0),
('625fea6e4e794', 414, 204, 2, 9, 0, '2022-04-20 20:11:42', '2022-04-20 20:11:42', 94, 207, 'Monumento', 'Cabiao', '5,6', 1),
('627c5348249de', 167, 212, 1, 9, 0, '2022-05-12 09:22:32', '2022-05-12 09:22:32', 76, 167, 'Monumento', 'Arayat', '1', 0),
('627f748c33b82', 97, 227, 1, 9, 0, '2022-05-14 18:21:16', '2022-05-14 18:21:16', 44, 97, 'Monumento', 'Macabebe', '', 0);

-- --------------------------------------------------------

--
-- Table structure for table `obrs_schedule`
--

CREATE TABLE `obrs_schedule` (
  `id` int(10) NOT NULL,
  `dateDeparture` datetime NOT NULL,
  `bus_id` int(10) DEFAULT NULL,
  `currentSeats` int(10) NOT NULL DEFAULT 0,
  `price` int(10) NOT NULL DEFAULT 150,
  `routeid` varchar(100) NOT NULL,
  `base_price` int(10) NOT NULL,
  `per_km` float NOT NULL,
  `available_seats` int(10) NOT NULL,
  `occupied_seats` varchar(255) NOT NULL,
  `paid_seats` varchar(255) NOT NULL,
  `deleted` tinyint(1) NOT NULL DEFAULT 0
) ENGINE=InnoDB DEFAULT CHARSET=utf8mb4;

--
-- Dumping data for table `obrs_schedule`
--

INSERT INTO `obrs_schedule` (`id`, `dateDeparture`, `bus_id`, `currentSeats`, `price`, `routeid`, `base_price`, `per_km`, `available_seats`, `occupied_seats`, `paid_seats`, `deleted`) VALUES
(53, '2022-03-28 05:30:00', 1, 3, 0, '62292434c785a', 0, 2.2, 45, '0,,22', '0,22,26', 1),
(54, '2022-03-28 06:30:00', 2, 0, 334, '6220719358a4a', 0, 2.2, 45, '0', '0', 1),
(55, '2022-03-28 07:30:00', 3, 0, 268, '623ad412562db', 0, 2.2, 45, '0', '0', 1),
(56, '2022-03-28 08:30:00', 4, 2, 425, '623ad4af023b6', 0, 2.2, 45, '0,1', '0,1', 1),
(57, '2022-03-28 09:30:00', 5, 0, 194, '62292434c785a', 0, 2.2, 45, '0', '0', 1),
(58, '2022-03-28 10:30:00', 8, 0, 2, '623ac5dcba37a', 0, 2.2, 45, '0', '0', 1),
(59, '2022-03-29 05:30:00', 6, 0, 194, '62292434c785a', 0, 2.2, 45, '0', '0', 1),
(60, '2022-03-28 11:30:00', 9, 2, 268, '623ad412562db', 0, 2.2, 45, '0,1,2', '0', 1),
(61, '2022-03-29 06:30:00', 10, 0, 2, '623ac5dcba37a', 0, 2.2, 45, '0', '0', 1),
(62, '2022-03-28 12:30:00', 11, 0, 425, '623ad4af023b6', 0, 2.2, 45, '0', '0', 1),
(63, '2022-03-29 07:30:00', 12, 0, 268, '623ad412562db', 0, 2.2, 45, '0', '0', 1),
(64, '2022-03-28 13:30:00', 13, 0, 194, '62292434c785a', 0, 2.2, 45, '0', '0', 1),
(65, '2022-03-28 14:30:00', 14, 0, 2, '623ac5dcba37a', 0, 2.2, 45, '0', '0', 1),
(66, '2022-03-29 08:30:00', 15, 0, 425, '623ad4af023b6', 0, 2.2, 45, '0', '0', 1),
(67, '2022-03-28 15:30:00', 15, 0, 268, '623ad412562db', 0, 2.2, 45, '0', '0', 1),
(68, '2022-03-28 16:30:00', 16, 0, 425, '623ad4af023b6', 0, 2.2, 45, '0', '0', 1),
(69, '2022-03-29 09:30:00', 17, 0, 194, '62292434c785a', 0, 2.2, 45, '0', '0', 1),
(70, '2022-03-28 17:30:00', 18, 0, 194, '62292434c785a', 0, 2.2, 45, '0', '0', 1),
(71, '2022-03-29 10:30:00', 19, 0, 2, '623ac5dcba37a', 0, 2.2, 45, '0', '0', 1),
(72, '2022-03-28 18:30:00', 20, 4, 2, '623ac5dcba37a', 0, 2.2, 45, '0,17', '0,17', 1),
(73, '2022-03-29 11:30:00', 1, 0, 268, '623ad412562db', 0, 2.2, 45, '0', '0', 1),
(74, '2022-03-28 19:30:00', 2, 0, 268, '623ad412562db', 0, 2.2, 45, '0', '0', 1),
(75, '2022-03-28 20:30:00', 3, 0, 425, '623ad4af023b6', 0, 2.2, 45, '0', '0', 1),
(76, '2022-04-04 05:30:00', 4, 4, 194, '62292434c785a', 0, 2.2, 45, '0,9,10', '0,9,10', 1),
(77, '2022-04-04 06:30:00', 5, 0, 2, '623ac5dcba37a', 0, 2.2, 45, '0', '0', 1),
(78, '2022-03-29 12:30:00', 8, 0, 425, '623ad4af023b6', 0, 2.2, 45, '0', '0', 1),
(79, '2022-03-29 13:30:00', 9, 0, 2, '623ac5dcba37a', 0, 2.2, 45, '0', '0', 1),
(80, '2022-03-29 14:30:00', 6, 0, 268, '623ad412562db', 0, 2.2, 45, '0', '0', 1),
(81, '2022-03-29 15:30:00', 10, 0, 425, '623ad4af023b6', 0, 2.2, 45, '0', '0', 1),
(82, '2022-03-29 16:30:00', 11, 0, 194, '62292434c785a', 0, 2.2, 45, '0', '0', 1),
(83, '2022-03-29 17:30:00', 12, 0, 2, '623ac5dcba37a', 0, 2.2, 45, '0', '0', 1),
(84, '2022-03-29 18:30:00', 13, 0, 268, '623ad412562db', 0, 2.2, 45, '0', '0', 1),
(85, '2022-03-29 19:30:00', 14, 0, 425, '623ad4af023b6', 0, 2.2, 45, '0', '0', 1),
(86, '2022-03-29 20:30:00', 1, 0, 194, '62292434c785a', 0, 2.2, 45, '0', '0', 1),
(87, '2022-04-05 05:30:00', 15, 2, 194, '62292434c785a', 0, 2.2, 45, '0,21,22', '0', 1),
(88, '2022-04-05 06:30:00', 17, 0, 2, '623ac5dcba37a', 0, 2.2, 45, '0', '0', 1),
(89, '2022-04-05 07:30:00', 15, 0, 268, '623ad412562db', 0, 2.2, 45, '0', '0', 1),
(90, '2022-04-04 07:30:00', 18, 0, 268, '623ad412562db', 0, 2.2, 45, '0', '0', 1),
(91, '2022-04-04 08:30:00', 19, 0, 425, '623ad4af023b6', 0, 2.2, 45, '0', '0', 1),
(92, '2022-04-04 09:30:00', 20, 0, 194, '62292434c785a', 0, 2.2, 45, '0', '0', 1),
(93, '2022-04-04 10:30:00', 1, 0, 0, '623ac5dcba37a', 0, 2.2, 45, '0', '0', 1),
(94, '2022-04-04 11:30:00', 2, 0, 268, '623ad412562db', 0, 2.2, 45, '0', '0', 1),
(95, '2022-04-04 12:30:00', 1, 0, 0, '623ad4af023b6', 0, 2.2, 45, '0', '0', 1),
(96, '2022-04-05 08:30:00', 11, 4, 425, '623ad4af023b6', 0, 2.2, 45, '0,21', '0,21,23', 1),
(97, '2022-04-05 09:30:00', 8, 0, 194, '62292434c785a', 0, 2.2, 45, '0', '0', 1),
(98, '2022-04-05 10:30:00', 1, 1, 0, '623ac5dcba37a', 0, 2.2, 45, '0,17', '0', 1),
(99, '2022-04-05 11:30:00', 2, 0, 268, '623ad412562db', 0, 2.2, 45, '0', '0', 1),
(100, '2022-04-05 12:30:00', 13, 0, 425, '623ad4af023b6', 0, 2.2, 45, '0', '0', 1),
(101, '2022-04-05 13:30:00', 1, 0, 0, '62292434c785a', 0, 2.2, 45, '0', '0', 1),
(102, '2022-04-05 14:30:00', 12, 1, 2, '623ac5dcba37a', 0, 2.2, 45, '0,22', '0', 1),
(103, '2022-04-05 15:30:00', 1, 0, 0, '623ad412562db', 0, 2.2, 45, '0', '0', 1),
(104, '2022-04-05 16:30:00', 8, 0, 0, '623ad4af023b6', 0, 2.2, 45, '0', '0', 1),
(105, '2022-04-05 17:30:00', 15, 0, 0, '62292434c785a', 0, 2.2, 45, '0', '0', 1),
(106, '2022-04-05 18:30:00', 9, 4, 2, '623ac5dcba37a', 0, 2.2, 45, '0,25,26,29,30', '0', 1),
(107, '2022-04-05 19:30:00', 1, 0, 0, '623ad412562db', 0, 2.2, 45, '0', '0', 1),
(108, '2022-04-05 20:30:00', 20, 0, 425, '623ad4af023b6', 0, 2.2, 45, '0', '0', 1),
(109, '2022-03-30 05:30:00', 2, 0, 334, '6220719358a4a', 0, 2.2, 45, '0', '0', 1),
(110, '2022-03-30 08:30:00', 1, 0, 0, '6220719358a4a', 0, 2.2, 45, '0', '0', 1),
(111, '2022-04-05 06:30:00', 1, 0, 0, '6220719358a4a', 0, 2.2, 45, '0', '0', 1),
(112, '2022-04-05 07:30:00', 2, 0, 194, '62292434c785a', 0, 2.2, 45, '0', '0', 1),
(113, '2022-04-05 08:30:00', 3, 0, 0, '623ad412562db', 0, 2.2, 45, '0', '0', 1),
(114, '2022-04-05 09:30:00', 4, 0, 0, '623ad4af023b6', 0, 2.2, 45, '0', '0', 1),
(115, '2022-04-05 10:30:00', 5, 0, 81, '623b64b5dba92', 0, 2.2, 45, '0', '0', 1),
(116, '2022-04-05 11:30:00', 6, 0, 0, '6220719358a4a', 0, 2.2, 45, '0', '0', 1),
(117, '2022-04-05 12:30:00', 8, 0, 0, '62292434c785a', 0, 2.2, 45, '0', '0', 1),
(118, '2022-04-05 13:30:00', 9, 0, 268, '623ad412562db', 0, 2.2, 45, '0', '0', 1),
(119, '2022-04-05 14:30:00', 10, 0, 0, '623ad4af023b6', 0, 2.2, 45, '0', '0', 1),
(120, '2022-04-05 15:30:00', 11, 0, 81, '623b64b5dba92', 0, 2.2, 45, '0', '0', 1),
(121, '2022-04-05 16:30:00', 12, 0, 0, '6220719358a4a', 0, 2.2, 45, '0', '0', 1),
(122, '2022-04-05 17:30:00', 13, 0, 0, '62292434c785a', 0, 2.2, 45, '0', '0', 1),
(123, '2022-04-05 18:30:00', 14, 0, 0, '623ad412562db', 0, 2.2, 45, '0', '0', 1),
(124, '2022-04-05 19:30:00', 15, 0, 425, '623ad4af023b6', 0, 2.2, 45, '0', '0', 1),
(125, '2022-04-05 20:30:00', 16, 0, 81, '623b64b5dba92', 0, 2.2, 45, '0', '0', 1),
(126, '2022-04-06 18:30:00', 1, 0, 0, '6220719358a4a', 0, 2.2, 45, '0', '0', 1),
(127, '2022-04-06 07:30:00', 2, 0, 194, '62292434c785a', 0, 2.2, 45, '0', '0', 1),
(128, '2022-04-06 08:30:00', 4, 0, 268, '623ad412562db', 0, 2.2, 45, '0', '0', 1),
(129, '2022-04-06 09:30:00', 3, 0, 425, '623ad4af023b6', 0, 2.2, 45, '0', '0', 1),
(130, '2022-04-06 10:30:00', 5, 0, 0, '623b64b5dba92', 0, 2.2, 45, '0', '0', 1),
(131, '2022-04-06 11:30:00', 6, 0, 0, '6220719358a4a', 0, 2.2, 45, '0', '0', 1),
(132, '2022-04-06 13:30:00', 8, 0, 0, '62292434c785a', 0, 2.2, 45, '0', '0', 1),
(133, '2022-04-06 14:30:00', 9, 0, 0, '623ad412562db', 0, 2.2, 45, '0', '0', 1),
(134, '2022-04-06 15:30:00', 10, 0, 0, '623ad4af023b6', 0, 2.2, 45, '0', '0', 1),
(135, '2022-04-06 16:30:00', 1, 0, 0, '623b64b5dba92', 0, 2.2, 45, '0', '0', 1),
(136, '2022-04-06 17:30:00', 12, 0, 0, '6220719358a4a', 0, 2.2, 45, '0', '0', 1),
(137, '2022-04-06 18:30:00', 13, 0, 0, '62292434c785a', 0, 2.2, 45, '0', '0', 1),
(138, '2022-04-06 19:30:00', 14, 0, 0, '623ad412562db', 0, 2.2, 45, '0', '0', 1),
(139, '2022-04-06 20:30:00', 20, 0, 0, '6220719358a4a', 0, 2.2, 45, '0', '0', 1),
(140, '2022-04-18 06:00:00', 1, 0, 334, '624e2ed3ba7a3', 0, 2.2, 45, '0', '0', 1),
(141, '2022-04-18 07:00:00', 2, 0, 194, '62292434c785a', 0, 2.2, 45, '0', '0', 1),
(142, '2022-04-18 08:00:00', 3, 0, 0, '623ad412562db', 0, 2.2, 45, '0', '0', 1),
(143, '2022-04-18 09:00:00', 4, 0, 0, '623ad4af023b6', 0, 2.2, 45, '0', '0', 1),
(144, '2022-04-18 10:00:00', 5, 0, 0, '623b64b5dba92', 0, 2.2, 45, '0', '0', 1),
(145, '2022-04-18 11:00:00', 8, 0, 334, '624e2ed3ba7a3', 0, 2.2, 45, '0', '0', 1),
(146, '2022-04-18 12:00:00', 9, 0, 0, '62292434c785a', 0, 2.2, 45, '0', '0', 1),
(147, '2022-04-18 13:00:00', 10, 0, 0, '623ad412562db', 0, 2.2, 45, '0', '0', 1),
(148, '2022-04-18 14:00:00', 11, 0, 0, '623ad4af023b6', 0, 2.2, 45, '0', '0', 1),
(149, '2022-04-18 15:00:00', 12, 0, 0, '623b64b5dba92', 0, 2.2, 45, '0', '0', 1),
(150, '2022-04-18 16:00:00', 13, 0, 334, '624e2ed3ba7a3', 0, 2.2, 45, '0', '0', 1),
(151, '2022-04-18 17:00:00', 16, 0, 194, '62292434c785a', 0, 2.2, 45, '0', '0', 1),
(152, '2022-04-18 18:00:00', 14, 0, 0, '623ad412562db', 0, 2.2, 45, '0', '0', 1),
(153, '2022-04-18 19:00:00', 15, 0, 0, '623ad4af023b6', 0, 2.2, 45, '0', '0', 1),
(154, '2022-04-18 20:00:00', 17, 0, 0, '623b64b5dba92', 0, 2.2, 45, '0', '0', 1),
(155, '2022-04-11 06:00:00', 1, 5, 334, '624e2ed3ba7a3', 0, 2.2, 45, '0,5,6,0,5,0,0,5,6,18', '0,5,6,18', 1),
(156, '2022-04-11 07:00:00', 2, 1, 0, '62292434c785a', 0, 2.2, 45, '0,1', '0', 1),
(157, '2022-04-11 08:00:00', 4, 0, 0, '623ad412562db', 0, 2.2, 45, '0', '0', 1),
(158, '2022-04-11 09:00:00', 3, 1, 425, '623ad4af023b6', 0, 2.2, 45, '0,1', '0', 1),
(159, '2022-04-11 10:00:00', 5, 4, 0, '623b64b5dba92', 0, 2.2, 45, '0,25,0,0,21,22,25,18', '0,25,18', 1),
(160, '2022-04-11 11:00:00', 6, 4, 334, '624e2ed3ba7a3', 0, 2.2, 45, '0,9,10', '0,9,10', 1),
(161, '2022-04-11 12:00:00', 9, 0, 0, '62292434c785a', 0, 2.2, 45, '0', '0', 1),
(162, '2022-04-11 13:00:00', 10, 0, 0, '623ad412562db', 0, 2.2, 45, '0', '0', 1),
(163, '2022-04-11 14:00:00', 13, 0, 0, '623ad4af023b6', 0, 2.2, 45, '0', '0', 1),
(164, '2022-04-11 15:00:00', 11, 0, 0, '623b64b5dba92', 0, 2.2, 45, '0', '0', 1),
(165, '2022-04-11 16:00:00', 14, 0, 334, '624e2ed3ba7a3', 0, 2.2, 45, '0', '0', 1),
(166, '2022-04-11 17:00:00', 15, 0, 0, '62292434c785a', 0, 2.2, 45, '0', '0', 1),
(167, '2022-04-11 18:00:00', 17, 0, 0, '623ad412562db', 0, 2.2, 45, '0', '0', 1),
(168, '2022-04-11 19:00:00', 18, 0, 0, '623ad4af023b6', 0, 2.2, 45, '0', '0', 1),
(169, '2022-04-11 20:00:00', 20, 0, 0, '623b64b5dba92', 0, 2.2, 45, '0', '0', 1),
(170, '2022-04-12 06:00:00', 1, 0, 334, '624e2ed3ba7a3', 0, 2.2, 45, '0', '0', 1),
(171, '2022-04-12 07:00:00', 2, 0, 0, '62292434c785a', 0, 2.2, 45, '0', '0', 1),
(172, '2022-04-12 08:00:00', 3, 0, 0, '623ad412562db', 0, 2.2, 45, '0', '0', 1),
(173, '2022-04-12 21:00:00', 4, 0, 0, '623ad4af023b6', 0, 2.2, 45, '0', '0', 1),
(174, '2022-04-12 22:00:00', 5, 0, 0, '623b64b5dba92', 0, 2.2, 45, '0', '0', 1),
(175, '2022-04-13 11:00:00', 6, 0, 334, '624e2ed3ba7a3', 0, 2.2, 45, '0', '0', 1),
(176, '2022-04-13 12:00:00', 8, 0, 194, '62292434c785a', 0, 2.2, 45, '0', '0', 1),
(177, '2022-04-13 13:00:00', 9, 0, 0, '623ad412562db', 0, 2.2, 45, '0', '0', 1),
(178, '2022-04-13 14:00:00', 11, 0, 0, '623ad4af023b6', 0, 2.2, 45, '0', '0', 1),
(179, '2022-04-13 15:00:00', 13, 0, 0, '623b64b5dba92', 0, 2.2, 45, '0', '0', 1),
(180, '2022-04-14 16:00:00', 14, 0, 334, '624e2ed3ba7a3', 0, 2.2, 45, '0', '0', 1),
(181, '2022-04-14 17:00:00', 15, 0, 0, '62292434c785a', 0, 2.2, 45, '0', '0', 1),
(182, '2022-04-14 18:00:00', 16, 0, 0, '623ad412562db', 0, 2.2, 45, '0', '0', 1),
(183, '2022-04-14 19:00:00', 17, 0, 0, '623ad4af023b6', 0, 2.2, 45, '0', '0', 1),
(184, '2022-04-14 20:00:00', 18, 0, 0, '623b64b5dba92', 0, 2.2, 45, '0', '0', 1),
(185, '2022-04-15 06:00:00', 1, 0, 334, '624e2ed3ba7a3', 0, 2.2, 45, '0', '0', 1),
(186, '2022-04-15 07:00:00', 2, 0, 0, '62292434c785a', 0, 2.2, 45, '0', '0', 1),
(187, '2022-04-15 08:00:00', 3, 0, 0, '623ad412562db', 0, 2.2, 45, '0', '0', 1),
(188, '2022-04-15 09:00:00', 4, 0, 0, '623ad4af023b6', 0, 2.2, 45, '0', '0', 1),
(189, '2022-04-15 10:00:00', 5, 0, 0, '623b64b5dba92', 0, 2.2, 45, '0', '0', 1),
(190, '2022-05-02 06:00:00', 1, 0, 0, '62292434c785a', 0, 2.2, 45, '0', '0', 1),
(191, '2022-05-02 07:00:00', 2, 0, 0, '623ad412562db', 0, 2.2, 45, '0', '0', 1),
(192, '2022-05-02 08:00:00', 3, 0, 0, '623ad4af023b6', 0, 2.2, 45, '0', '0', 1),
(193, '2022-05-02 09:00:00', 4, 0, 0, '624e2ed3ba7a3', 0, 2.2, 45, '0', '0', 1),
(194, '2022-05-02 10:00:00', 5, 0, 194, '62292434c785a', 0, 2.2, 45, '0', '0', 1),
(195, '2022-05-02 11:00:00', 8, 0, 268, '623ad412562db', 0, 2.2, 45, '0', '0', 1),
(196, '2022-05-02 13:00:00', 9, 0, 0, '623ad412562db', 0, 2.2, 45, '0', '0', 1),
(197, '2022-05-02 14:00:00', 10, 0, 0, '623ad4af023b6', 0, 2.2, 45, '0', '0', 1),
(198, '2022-05-02 15:00:00', 11, 0, 0, '624e2ed3ba7a3', 0, 2.2, 45, '0', '0', 1),
(199, '2022-05-02 16:00:00', 12, 0, 0, '62292434c785a', 0, 2.2, 45, '0', '0', 1),
(200, '2022-05-02 17:00:00', 13, 0, 0, '623ad412562db', 0, 2.2, 45, '0', '0', 1),
(201, '2022-05-02 18:00:00', 14, 0, 268, '623ad412562db', 0, 2.2, 45, '0', '0', 1),
(202, '2022-05-02 19:00:00', 16, 0, 425, '623ad4af023b6', 0, 2.2, 45, '0', '0', 1),
(203, '2022-05-02 20:00:00', 15, 0, 0, '624e2ed3ba7a3', 0, 2.2, 45, '0', '0', 1),
(204, '2022-04-24 06:00:00', 1, 2, 0, '62292434c785a', 0, 2.2, 45, '0,5,6', '0', 1),
(205, '2022-04-24 07:00:00', 2, 0, 0, '623ad412562db', 0, 2.2, 45, '0', '0', 1),
(206, '2022-04-24 08:00:00', 3, 0, 0, '623ad4af023b6', 0, 2.2, 45, '0', '0', 1),
(207, '2022-04-24 09:00:00', 4, 0, 0, '624e2ed3ba7a3', 0, 2.2, 45, '0', '0', 1),
(208, '2022-05-01 06:00:00', 1, 1, 0, '62292434c785a', 0, 2.2, 45, '0,0,1', '0,1', 1),
(209, '2022-05-01 07:00:00', 2, 0, 0, '623ad412562db', 0, 2.2, 45, '0', '0', 1),
(210, '2022-05-01 08:00:00', 3, 0, 0, '623ad4af023b6', 0, 2.2, 45, '0', '0', 1),
(211, '2022-05-01 09:00:00', 4, 0, 0, '624e2ed3ba7a3', 0, 2.2, 45, '0', '0', 1),
(212, '2022-05-13 06:00:00', 1, 1, 0, '62292434c785a', 0, 2.2, 45, '0,1', '0', 1),
(213, '2022-05-13 07:00:00', 2, 0, 0, '623ad412562db', 0, 2.2, 45, '0', '0', 1),
(214, '2022-05-13 08:00:00', 3, 0, 0, '623ad4af023b6', 0, 2.2, 45, '0', '0', 1),
(215, '2022-05-13 09:00:00', 4, 0, 0, '624e2ed3ba7a3', 0, 2.2, 45, '0', '0', 1),
(216, '2022-05-13 10:00:00', 5, 0, 0, '62292434c785a', 0, 2.2, 45, '0', '0', 1),
(217, '2022-05-13 11:00:00', 2, 0, 0, '623ad412562db', 0, 2.2, 45, '0', '0', 1),
(218, '2022-05-13 12:00:00', 8, 0, 0, '623ad4af023b6', 0, 2.2, 45, '0', '0', 1),
(219, '2022-05-13 13:00:00', 9, 0, 334, '624e2ed3ba7a3', 0, 2.2, 45, '0', '0', 1),
(220, '2022-05-13 14:00:00', 11, 0, 0, '62292434c785a', 0, 2.2, 45, '0', '0', 1),
(221, '2022-05-13 15:00:00', 12, 0, 0, '623ad412562db', 0, 2.2, 45, '0', '0', 1),
(222, '2022-05-13 16:00:00', 13, 0, 0, '623ad4af023b6', 0, 2.2, 45, '0', '0', 1),
(223, '2022-05-13 17:00:00', 14, 0, 0, '624e2ed3ba7a3', 0, 2.2, 45, '0', '0', 1),
(224, '2022-05-13 18:00:00', 15, 0, 0, '623ad412562db', 0, 2.2, 45, '0', '0', 1),
(225, '2022-05-13 19:00:00', 16, 0, 0, '623ad4af023b6', 0, 2.2, 45, '0', '0', 1),
(226, '2022-05-13 20:00:00', 17, 0, 0, '624e2ed3ba7a3', 0, 2.2, 45, '0', '0', 1),
(227, '2022-05-19 06:00:00', 5, 1, 0, '62292434c785a', 0, 2.2, 45, '', '0', 0),
(228, '2022-05-19 07:00:00', 1, 0, 0, '623ad412562db', 0, 2.2, 45, '0', '0', 0),
(229, '2022-05-19 08:00:00', 8, 0, 425, '623ad4af023b6', 0, 2.2, 45, '0', '0', 0),
(230, '2022-05-19 09:00:00', 17, 0, 0, '624e2ed3ba7a3', 0, 2.2, 45, '0', '0', 0),
(231, '2022-05-19 10:00:00', 4, 0, 194, '62292434c785a', 0, 2.2, 45, '0', '0', 0),
(232, '2022-05-19 11:00:00', 9, 0, 0, '623ad412562db', 0, 2.2, 45, '0', '0', 0),
(233, '2022-05-19 12:00:00', 13, 0, 0, '623ad4af023b6', 0, 2.2, 45, '0', '0', 0),
(234, '2022-05-19 13:00:00', 17, 0, 334, '624e2ed3ba7a3', 0, 2.2, 45, '0', '0', 0),
(235, '2022-05-19 14:00:00', 15, 0, 0, '62292434c785a', 0, 2.2, 45, '0', '0', 0),
(236, '2022-05-19 15:00:00', 5, 0, 0, '623ad412562db', 0, 2.2, 45, '0', '0', 0),
(237, '2022-05-19 16:00:00', 10, 0, 0, '623ad4af023b6', 0, 2.2, 45, '0', '0', 0),
(238, '2022-05-19 17:00:00', 10, 0, 0, '624e2ed3ba7a3', 0, 2.2, 45, '0', '0', 0),
(239, '2022-05-19 18:00:00', 10, 0, 194, '62292434c785a', 0, 2.2, 45, '0', '0', 0),
(240, '2022-05-19 19:00:00', 5, 0, 0, '623ad412562db', 0, 2.2, 45, '0', '0', 0),
(241, '2022-05-19 20:00:00', 4, 0, 0, '623ad4af023b6', 0, 2.2, 45, '0', '0', 0),
(242, '2022-05-20 06:00:00', 5, 0, 0, '62292434c785a', 0, 2.2, 45, '0', '0', 0),
(243, '2022-05-20 07:00:00', 11, 0, 0, '623ad412562db', 0, 2.2, 45, '0', '0', 0),
(244, '2022-05-20 08:00:00', 13, 0, 0, '623ad4af023b6', 0, 2.2, 45, '0', '0', 0),
(245, '2022-05-20 09:00:00', 1, 0, 0, '624e2ed3ba7a3', 0, 2.2, 45, '0', '0', 0),
(246, '2022-05-20 10:00:00', 8, 0, 0, '62292434c785a', 0, 2.2, 45, '0', '0', 0),
(247, '2022-05-20 11:00:00', 16, 0, 0, '623ad412562db', 0, 2.2, 45, '0', '0', 0),
(248, '2022-05-20 12:00:00', 8, 0, 0, '623ad4af023b6', 0, 2.2, 45, '0', '0', 0),
(249, '2022-05-20 13:00:00', 2, 0, 0, '624e2ed3ba7a3', 0, 2.2, 45, '0', '0', 0),
(250, '2022-05-20 14:00:00', 20, 0, 0, '62292434c785a', 0, 2.2, 45, '0', '0', 0),
(251, '2022-05-20 15:00:00', 19, 0, 0, '623ad412562db', 0, 2.2, 45, '0', '0', 0),
(252, '2022-05-20 16:00:00', 18, 0, 0, '623ad4af023b6', 0, 2.2, 45, '0', '0', 0),
(253, '2022-05-20 17:00:00', 15, 0, 0, '624e2ed3ba7a3', 0, 2.2, 45, '0', '0', 0),
(254, '2022-05-20 18:00:00', 12, 0, 0, '62292434c785a', 0, 2.2, 45, '0', '0', 0),
(255, '2022-05-20 19:00:00', 12, 0, 0, '623ad412562db', 0, 2.2, 45, '0', '0', 0),
(256, '2022-05-20 20:00:00', 13, 0, 0, '623ad4af023b6', 0, 2.2, 45, '0', '0', 0);

-- --------------------------------------------------------

--
-- Table structure for table `obrs_sub_routes`
--

CREATE TABLE `obrs_sub_routes` (
  `id` int(10) NOT NULL,
  `destination` varchar(100) NOT NULL,
  `distance` int(10) NOT NULL,
  `parentid` varchar(100) NOT NULL
) ENGINE=InnoDB DEFAULT CHARSET=utf8mb4;

--
-- Dumping data for table `obrs_sub_routes`
--

INSERT INTO `obrs_sub_routes` (`id`, `destination`, `distance`, `parentid`) VALUES
(1, 'San pablo', 45, '6220b47650c3a'),
(2, 'Tabang', 56, '6220b6865be03'),
(3, 'Talugtog', 150, '6220719358a4a'),
(4, 'Guimba', 140, '6220719358a4a'),
(5, 'Monumento', 26, '6220719358a4a'),
(6, 'Cabanatuan', 95, '6220719358a4a'),
(7, 'Dau', 68, '6220719358a4a'),
(8, 'Moncada', 134, '6220719358a4a'),
(9, 'Tarlac', 104, '6220719358a4a'),
(10, 'Cabiao', 94, '62292434c785a'),
(11, 'Arayat', 76, '62292434c785a'),
(12, 'San Simon', 50, '62292434c785a'),
(13, 'Macabebe', 44, '62292434c785a'),
(14, 'Tabang', 32, '623ad412562db'),
(15, 'Malolos', 37, '623ad412562db'),
(16, 'Calumpit', 45, '623ad412562db'),
(17, 'Apalit', 50, '623ad412562db'),
(18, 'Tarlac', 118, '623ad4af023b6'),
(19, 'Carmen', 165, '623ad4af023b6'),
(20, 'Ordaneta', 175, '623ad4af023b6'),
(21, 'Dau', 82, '623ad4af023b6'),
(22, 'Capas', 101, '623ad4af023b6'),
(23, 'San Tiago', 98, '623ad4af023b6'),
(24, 'San Miguel', 112, '623ad4af023b6'),
(25, 'Gerona', 132, '623ad4af023b6'),
(26, 'Panuiqi', 140, '623ad4af023b6'),
(27, 'Giginto', 10, '623ac5dcba37a'),
(28, 'Paco', 50, '6220719358a4a'),
(29, 'Giginto', 45, '623b64b5dba92'),
(30, 'Talugtog', 150, '624e2883d3132'),
(31, 'Baguio', 1, '624e2d8f3c6e6'),
(32, 'Talugtog', 150, '624e2ed3ba7a3'),
(33, 'Guimba', 140, '624e2ed3ba7a3'),
(34, 'Meycauyan', 14, '624e2ed3ba7a3'),
(35, 'Cabanatuan', 95, '624e2ed3ba7a3'),
(36, 'Dau', 68, '624e2ed3ba7a3'),
(37, 'Moncada', 134, '624e2ed3ba7a3'),
(38, 'Tarlac', 104, '624e2ed3ba7a3');

-- --------------------------------------------------------

--
-- Table structure for table `obrs_users`
--

CREATE TABLE `obrs_users` (
  `ID` int(10) NOT NULL,
  `FirstName` varchar(100) NOT NULL,
  `LastName` varchar(100) NOT NULL,
  `Email` varchar(50) NOT NULL,
  `Username` varchar(100) NOT NULL,
  `Password` varchar(100) NOT NULL,
  `Class` tinyint(1) NOT NULL DEFAULT 0,
  `Status` int(11) NOT NULL,
  `is_deleted` int(11) NOT NULL
) ENGINE=InnoDB DEFAULT CHARSET=utf8mb4;

--
-- Dumping data for table `obrs_users`
--

INSERT INTO `obrs_users` (`ID`, `FirstName`, `LastName`, `Email`, `Username`, `Password`, `Class`, `Status`, `is_deleted`) VALUES
(1, 'admin', 'admin', 'admin@gmail.com', 'admin', '21232f297a57a5a743894a0e4a801fc3', 2, 1, 0),
(7, 'Staff2', 'Staff2', 'staff@gmail.com', 'Staff2', '1253208465b1efa876f982d8a9e73eef', 1, 1, 0),
(9, 'Crisbel', 'Enobay', 'cenobay9@gmail.com', 'crisbel27', 'cbe8c2da750792e7edef228cce243338', 0, 1, 0),
(10, 'Staff3', 'Staff3', 'Staff3@gmail.com', 'Staff3', '8f03660f569ce4023dddaea0bf560d74', 1, 1, 0),
(11, 'Staff1', 'Staff1', 'Staff@gmail.com', 'Staff1', '1253208465b1efa876f982d8a9e73eef', 1, 1, 0),
(13, 'Jomar', 'Gamayan', 'Gamayanjomar@gmail.com', 'Jmr13', '202cb962ac59075b964b07152d234b70', 0, 1, 0),
(15, 'Staff05', 'Staff05', 'Staff5@gmail.com', 'Staff05', '67e71c856f22ab232184d469f3c4a401', 1, 1, 1),
(16, 'Staff4', 'Staff4', 'Staff4@gmail.com', 'Staff4', 'd0ad396a483a7570f63d7995ca9c9c34', 1, 1, 1),
(17, 'Staff6', 'Staff6', 'Staff6@gmail.com', 'Staff6', 'f55d8dc651c70f4593188abb84e5c921', 1, 1, 0),
(18, 'Crisbel', 'Staff', 'crisbel@gmail.com', 'Crisbel', '7beea1896fe2e988829414bf9b326774', 1, 1, 0),
(19, 'Jomar', 'Gamayan', 'Jmrgamayan@gmail.com', 'Jomar123', '202cb962ac59075b964b07152d234b70', 0, 1, 0),
(20, 'Shanen Audrey', 'Perez', 'shanenprz@gmail.com', 'shanenprz', '3b7165566d27ee7646c062bc3cc5393b', 0, 1, 0),
(21, 'Jomar', 'Gamayan', 'Jomar01@gmail.com', 'jomar01', '99e6e97e6c588fe8811949659b6951bd', 1, 1, 0),
(23, 'Mike', 'Mogan', 'mogan01@gmail.com', 'Mogan01', '1253208465b1efa876f982d8a9e73eef', 1, 1, 1);

--
-- Indexes for dumped tables
--
--
-- Indexes for table `obrs_sample`
--
ALTER TABLE `obrs_sample`
  ADD PRIMARY KEY (`id`);

--
-- Indexes for table `obrs_bus`
--
ALTER TABLE `obrs_bus`
  ADD PRIMARY KEY (`id`),
  ADD UNIQUE KEY `busName` (`busName`),
  ADD UNIQUE KEY `busName_2` (`busName`),
  ADD UNIQUE KEY `plateNo` (`plateNo`);

--
-- Indexes for table `obrs_parent_route`
--
ALTER TABLE `obrs_parent_route`
  ADD PRIMARY KEY (`id`);

--
-- Indexes for table `obrs_passengers`
--
ALTER TABLE `obrs_passengers`
  ADD PRIMARY KEY (`id`),
  ADD KEY `passenger to reservation` (`reservation_id`);

--
-- Indexes for table `obrs_reservations`
--
ALTER TABLE `obrs_reservations`
  ADD PRIMARY KEY (`id`),
  ADD KEY `res to OBRS_user` (`user_id`),
  ADD KEY `res to OBRS_reservation` (`schedule_id`);

--
-- Indexes for table `obrs_schedule`
--
ALTER TABLE `obrs_schedule`
  ADD PRIMARY KEY (`id`),
  ADD KEY `buscon` (`bus_id`),
  ADD KEY `routecon` (`routeid`);

--
-- Indexes for table `obrs_sub_routes`
--
ALTER TABLE `obrs_sub_routes`
  ADD PRIMARY KEY (`id`),
  ADD KEY `subroute to parent` (`parentid`);

--
-- Indexes for table `obrs_users`
--
ALTER TABLE `obrs_users`
  ADD PRIMARY KEY (`ID`),
  ADD UNIQUE KEY `Username` (`Username`),
  ADD KEY `ID` (`ID`);

--
-- AUTO_INCREMENT for dumped tables
--

--
-- AUTO_INCREMENT for table `obrs_bus`
--
ALTER TABLE `obrs_sample`
  MODIFY `id` int(10) NOT NULL AUTO_INCREMENT, AUTO_INCREMENT=26;
--
-- AUTO_INCREMENT for table `obrs_bus`
--
ALTER TABLE `obrs_bus`
  MODIFY `id` int(10) NOT NULL AUTO_INCREMENT, AUTO_INCREMENT=26;

--
-- AUTO_INCREMENT for table `obrs_passengers`
--
ALTER TABLE `obrs_passengers`
  MODIFY `id` int(11) NOT NULL AUTO_INCREMENT, AUTO_INCREMENT=67;

--
-- AUTO_INCREMENT for table `obrs_schedule`
--
ALTER TABLE `obrs_schedule`
  MODIFY `id` int(10) NOT NULL AUTO_INCREMENT, AUTO_INCREMENT=257;

--
-- AUTO_INCREMENT for table `obrs_sub_routes`
--
ALTER TABLE `obrs_sub_routes`
  MODIFY `id` int(10) NOT NULL AUTO_INCREMENT, AUTO_INCREMENT=39;

--
-- AUTO_INCREMENT for table `obrs_users`
--
ALTER TABLE `obrs_users`
  MODIFY `ID` int(10) NOT NULL AUTO_INCREMENT, AUTO_INCREMENT=24;

--
-- Constraints for dumped tables
--

--
-- Constraints for table `obrs_schedule`
--
ALTER TABLE `obrs_schedule`
  ADD CONSTRAINT `buscon` FOREIGN KEY (`bus_id`) REFERENCES `obrs_bus` (`id`) ON UPDATE CASCADE,
  ADD CONSTRAINT `routecon` FOREIGN KEY (`routeid`) REFERENCES `obrs_parent_route` (`id`) ON UPDATE CASCADE;

--
-- Constraints for table `obrs_sub_routes`
--
ALTER TABLE `obrs_sub_routes`
  ADD CONSTRAINT `subroute to parent` FOREIGN KEY (`parentid`) REFERENCES `obrs_parent_route` (`id`);
COMMIT;

/*!40101 SET CHARACTER_SET_CLIENT=@OLD_CHARACTER_SET_CLIENT */;
/*!40101 SET CHARACTER_SET_RESULTS=@OLD_CHARACTER_SET_RESULTS */;
/*!40101 SET COLLATION_CONNECTION=@OLD_COLLATION_CONNECTION */;
